"a1","d","g","u","item_id","definition","definition_en","category_en"
1.43427012650762,0.82311240619003,0,1,"item_1","あーあっ (よくないこと)","oh_no","sounds"
2.57423277667501,1.94202929414491,0,1,"item_2","アイタ (いたい)","ouch","sounds"
2.96851865045283,2.24505723811366,0,1,"item_3","オイチィ (おいしい)","yummy","sounds"
2.33106776383357,0.0152798690098496,0,1,"item_4","ガーガー (アヒル)","quack_quack","sounds"
2.78011651033416,1.21189133759966,0,1,"item_5","ガオー (ライオン)","roar","sounds"
2.83420622637252,-0.242924091308519,0,1,"item_6","コケコッコ (にわとり)","cock_a_doodle_doo","sounds"
2.98489203717669,0.800719670249495,0,1,"item_7","シュッポッポー (汽車; きしゃ)","choo-choo","sounds"
2.79543485500426,2.54548398971706,0,1,"item_8","ニャンニャン (ネコ)","meow","sounds"
2.61017189580559,2.30557443134776,0,1,"item_9","ブーブー (車; くるま)","broom_broom","sounds"
2.77330731375571,-0.0747672081774358,0,1,"item_10","メーメー (ヤギ)","baa_baa","sounds"
2.69837886647819,0.443318540320669,0,1,"item_11","モー (牛; うし)","moo","sounds"
2.85835269368686,3.63557929190026,0,1,"item_12","ワンワン (犬; いぬ)","bowwow","sounds"
4.45627188277448,-0.645883914400128,0,1,"item_13","アヒル","duck","animals"
6.19649748616092,1.28019106302443,0,1,"item_14","蟻 (あり)","ant","animals"
3.264601085274,1.73314410643549,0,1,"item_15","犬 (いぬ)","dog","animals"
6.99653944114534,1.63877800077948,0,1,"item_16","兎 (うさぎ)","rabbit","animals"
4.8257918290031,0.193769746470698,0,1,"item_17","牛 (うし)","cow","animals"
5.32648539356174,0.536044044944852,0,1,"item_18","馬 (うま)","horse","animals"
6.60137037818353,1.4011640835319,0,1,"item_21","蛙 (かえる)","frog","animals"
7.14316300289875,1.30242765636252,0,1,"item_22","カニ (生き物の名前)","crab","animals"
5.10451115063012,-0.341460205624871,0,1,"item_23","カバ (生き物の名前)","hippopotamus","animals"
7.15809482890285,1.16901534073789,0,1,"item_24","カメ (生き物の名前)","turtle","animals"
4.60896537657062,-0.259535485445155,0,1,"item_25","カラス","crow","animals"
6.38952396342126,1.32297891706332,0,1,"item_27","キリン (生き物の名前)","giraffe","animals"
6.35055601532853,1.4201693532315,0,1,"item_29","熊 (くま)","bear","animals"
5.180761557258,-0.354723405063352,0,1,"item_30","コアラ","koala","animals"
7.99555585294039,2.08867232310694,0,1,"item_32","魚 (さかな; 生き物の名前)","fish","animals"
6.88512823589049,0.790524780829686,0,1,"item_33","猿 (さる)","monkey","animals"
4.2562583395768,-0.641634103325743,0,1,"item_34","シマウマ","zebra","animals"
6.0644500593117,2.53822002902647,0,1,"item_35","象 (ぞう)","elephant","animals"
5.2080500085593,2.20988400215514,0,1,"item_37","チョウチョ","butterfly","animals"
5.94979709560981,-1.64277627114168,0,1,"item_38","動物 (どうぶつ)","animal","animals"
5.23891477615276,-0.641524155429107,0,1,"item_39","虎 (とら)","tiger","animals"
6.69746634602625,1.00735333906169,0,1,"item_40","鳥 (とり)","bird","animals"
4.29072263205805,-1.02763391055689,0,1,"item_41","ニワトリ (生き物の名前)","chicken","animals"
3.87788946336357,1.68728450746491,0,1,"item_42","猫 (ねこ)","cat","animals"
5.69784553570047,-0.145069729968666,0,1,"item_43","ネズミ","mouse","animals"
5.39548911748606,-0.440625012675956,0,1,"item_44","蜂 (はち)","bee","animals"
3.58213438503968,-0.179927784505185,0,1,"item_45","鳩 (はと)","pigeon","animals"
4.36284759973629,1.36359911423913,0,1,"item_46","パンダ","panda","animals"
4.77368486881671,-0.45151087022918,0,1,"item_48","ヒヨコ  (生き物の名前)","chick","animals"
5.11352857503797,0.98704476579258,0,1,"item_49","豚 (ぶた; 生き物の名前)","pig","animals"
6.05205239294861,-0.260488268599177,0,1,"item_50","ヘビ","snake","animals"
5.95952829548735,1.01253656005979,0,1,"item_51","ペンギン","penguin","animals"
5.36553826202172,0.340187201347512,0,1,"item_52","虫 (むし)","insect","animals"
4.96091195331678,0.929095592123057,0,1,"item_53","ライオン","lion","animals"
5.97133313355334,-0.607123375397128,0,1,"item_54","リス","squirrel","animals"
5.59253410579539,-0.235532165995304,0,1,"item_55","ワニ","crocodile","animals"
2.79726622035498,-0.274113165585211,0,1,"item_56","汽車 (きしゃ)","locomotive","vehicles"
3.87447973994019,1.87339184944053,0,1,"item_57","車 (くるま; 乗り物)","car","vehicles"
5.03462793855908,0.304263803679817,0,1,"item_59","自転車 (じてんしゃ)","bicycle","vehicles"
4.46713806130748,1.82551190451809,0,1,"item_62","電車 (でんしゃ)","train","vehicles"
3.9177314318103,0.307314167139033,0,1,"item_63","トラック (乗り物)","truck","vehicles"
5.08276165782354,2.43938172773585,0,1,"item_65","バス (乗り物)","bus","vehicles"
3.62255866406565,0.358883243148685,0,1,"item_66","パトカー","police_car","vehicles"
5.33236662990511,1.16422154572733,0,1,"item_67","飛行機 (ひこうき)","airplane","vehicles"
6.14530521726472,0.298373876317671,0,1,"item_68","船 (ふね)","ship","vehicles"
7.249159232091,1.15045927785105,0,1,"item_70","絵本 (えほん)","picture_book","toys"
5.84871174142003,-0.957836491740691,0,1,"item_71","えんぴつ","pencil","toys"
7.51431417872678,0.29267308768257,0,1,"item_72","おもちゃ","toy","toys"
6.51692455682828,-0.308525677901665,0,1,"item_77","積み木 (つみき)","building_blocks","toys"
5.93297218887709,-1.13449264033077,0,1,"item_78","人形 (にんぎょう)","doll","toys"
8.16549716357426,1.01435354373022,0,1,"item_83","風船 (ふうせん)","balloon","toys"
5.35855217621148,2.27243725264645,0,1,"item_86","ボール","ball","toys"
4.87124335629772,0.0718204413694062,0,1,"item_87","本 (ほん)","book","toys"
5.25660780059043,1.03114719592257,0,1,"item_88","アイスクリーム","ice_cream","food_drink"
4.14268614130466,-0.935634140576599,0,1,"item_89","飴 (あめ)","candy","food_drink"
5.96865006763142,2.06449730664576,0,1,"item_90","苺 (いちご)","strawberry","food_drink"
5.05263746487064,1.12185544352852,0,1,"item_91","うどん","udon","food_drink"
7.77754881379264,1.70072895195915,0,1,"item_96","おにぎり・おむすび","rice_ball","food_drink"
3.99614480892633,2.48458062331497,0,1,"item_97","お茶 (おちゃ)","tea","food_drink"
8.49449980013686,0.916491309280097,0,1,"item_101","カレー","curry","food_drink"
5.61072550475855,2.54999753641285,0,1,"item_102","牛乳 (ぎゅうにゅう)","milk","food_drink"
5.87708400874028,0.625026300445976,0,1,"item_105","ケーキ","cake","food_drink"
7.11642651368693,2.49974539915633,0,1,"item_109","ごはん (お米のこと)","rice","food_drink"
8.56226398794479,1.8578222514561,0,1,"item_110","魚 (さかな; 食べ物)","fish","food_drink"
5.24965360964589,2.11432895232417,0,1,"item_113","ジュース","juice","food_drink"
5.31690831570533,0.561171651276169,0,1,"item_115","すいか","watermelon","food_drink"
9.00520157860091,1.29610956443856,0,1,"item_121","卵 (たまご)","egg","food_drink"
4.0072489577612,0.790288812853682,0,1,"item_122","チーズ","cheese","food_drink"
6.4068332748782,-0.160979603951954,0,1,"item_124","豆腐 (とうふ)","tofu","food_drink"
7.08099564914463,1.79289616436499,0,1,"item_126","トマト","tomato","food_drink"
10.3969488263315,0.467096502672749,0,1,"item_130","肉 (にく)","meat","food_drink"
6.09400240755279,1.77852624862929,0,1,"item_131","にんじん","carrot","food_drink"
3.46940476756243,2.64877069582434,0,1,"item_134","バナナ","banana","food_drink"
4.13299287960649,2.95653996309841,0,1,"item_135","パン","bread","food_drink"
5.94520999725246,1.73378347661002,0,1,"item_139","ぶどう","grape","food_drink"
5.12114597761508,-0.509077711497992,0,1,"item_140","プリン","pudding","food_drink"
4.91347148234724,-0.223859499838697,0,1,"item_145","豆 (まめ)","bean","food_drink"
6.54854685725062,1.49808010674246,0,1,"item_146","みかん","orange","food_drink"
5.12923899642276,1.10312356987111,0,1,"item_147","水 (みず)","water","food_drink"
5.27405749344717,-0.716764153220036,0,1,"item_148","味噌汁 (みそしる)","miso_soup","food_drink"
4.30949381104559,-0.617097843580793,0,1,"item_149","ミルク","milk","food_drink"
4.25267439832534,0.762757300769173,0,1,"item_151","桃 (もも)","peach","food_drink"
5.6769808720599,2.17718903396154,0,1,"item_155","リンゴ","apple","food_drink"
4.41654924998762,-1.33074803974848,0,1,"item_156","エプロン","apron","clothing"
2.86070730623117,-4.62017306493077,0,1,"item_157","オーバー (衣類)","overcoat","clothing"
7.033966969471,2.02820058756961,0,1,"item_158","おむつ","diaper","clothing"
6.24787906714765,4.0524941203024,0,1,"item_159","靴 (くつ)","shoes","clothing"
5.05262010166829,2.01175905069725,0,1,"item_160","靴下 (くつした)","socks","clothing"
3.62498218500394,-3.63076148160576,0,1,"item_161","ジーパン","jeans","clothing"
5.05615663577681,-1.23696559698013,0,1,"item_162","シャツ","shirt","clothing"
3.93314204409674,-2.52274099686264,0,1,"item_163","ジャンパー","jacket","clothing"
6.70709851365958,-2.34869065749867,0,1,"item_164","スカート","skirt","clothing"
7.55930765879903,1.18529715068811,0,1,"item_166","ズボン","pants","clothing"
7.95830032342088,-2.2362725139667,0,1,"item_172","手袋 (てぶくろ)","gloves","clothing"
6.15973721608222,-1.12307121112773,0,1,"item_173","長靴 (ながぐつ)","boots","clothing"
6.64599247465292,-0.36012901977348,0,1,"item_176","パジャマ","pajama","clothing"
5.56573712844321,0.444576488595028,0,1,"item_177","パンツ","shorts","clothing"
5.17694268648337,-3.5011274745351,0,1,"item_178","ベルト","belt","clothing"
6.57468979227316,2.2459578689264,0,1,"item_179","帽子 (ぼうし)","hat","clothing"
7.77299528029725,-0.851491493804043,0,1,"item_180","ボタン","button","clothing"
5.47016192511536,-1.61915372171054,0,1,"item_182","洋服 (ようふく)","clothes","clothing"
5.3123972490345,-1.4875460387361,0,1,"item_183","リボン","ribbon","clothing"
7.60317470121325,3.5069771969132,0,1,"item_185","足 (あし)","leg","body_parts"
8.9873845040171,2.98341891139048,0,1,"item_186","頭 (あたま)","head","body_parts"
8.79536970174001,2.48868652329988,0,1,"item_187","おしり","buttocks","body_parts"
2.35813382563247,0.0820154768440281,0,1,"item_188","おチンチン","penis","body_parts"
3.34215127541509,1.13410822619688,0,1,"item_189","おっぱい","breasts","body_parts"
8.07813397429755,2.31878562388778,0,1,"item_191","おなか","stomach","body_parts"
6.02410697942125,0.674220347338562,0,1,"item_192","おへそ","navel","body_parts"
8.83522813519643,0.850786653149033,0,1,"item_193","顔 (かお)","face","body_parts"
5.47375993984363,0.569837792201154,0,1,"item_195","髪 (かみ)","hair","body_parts"
8.04792827089846,2.44121519481027,0,1,"item_196","口 (くち)","mouth","body_parts"
5.74781815350394,-0.836163150297987,0,1,"item_199","しっぽ","tail","body_parts"
7.33234154371948,-0.00564145227777965,0,1,"item_201","爪 (つめ)","nail","body_parts"
5.82704379131501,3.05945840736642,0,1,"item_202","手 (て)","hand","body_parts"
4.6388144790795,0.766355648360015,0,1,"item_203","歯 (は)","tooth","body_parts"
7.02115369320935,2.41701541988728,0,1,"item_204","鼻 (はな)","nose","body_parts"
5.30823177488948,-1.61034913298346,0,1,"item_205","舌 (べろ)","tongue","body_parts"
6.12313349864744,0.432830548820373,0,1,"item_206","ほっぺ","cheek","body_parts"
6.3251648897152,2.48426284747134,0,1,"item_208","耳 (みみ)","ear","body_parts"
6.39664827257114,3.12194467446521,0,1,"item_209","目 (め)","eye","body_parts"
6.27961001396062,-0.454175518312474,0,1,"item_210","指 (ゆび)","finger","body_parts"
7.85273334959553,2.2708184888784,0,1,"item_211","椅子 (いす)","chair","furniture_rooms"
9.03216280216328,1.98363081589922,0,1,"item_214","お風呂 (おふろ; お風呂場のこと)","bath","furniture_rooms"
3.41328045988818,-2.80881970018853,0,1,"item_215","おまる","potty","furniture_rooms"
7.60250187924428,-1.44798104038124,0,1,"item_216","カーテン","curtain","furniture_rooms"
8.69570380281664,0.105951248351685,0,1,"item_217","階段 (かいだん)","stairs","furniture_rooms"
5.66297000711845,-1.74578476413824,0,1,"item_219","玄関 (げんかん)","entrance","furniture_rooms"
7.60299102762045,-0.722051340601139,0,1,"item_221","シャワー","shower","furniture_rooms"
4.27214927866912,-4.64446506869132,0,1,"item_223","ストーブ","stove","furniture_rooms"
4.84914438605227,-1.58695228589629,0,1,"item_224","扇風機 (せんぷうき)","fan","furniture_rooms"
6.23625355805362,-2.7723812143224,0,1,"item_225","台所 (だいどころ)","kitchen","furniture_rooms"
4.5197508602495,-3.44947952225717,0,1,"item_227","タンス","wardrobe","furniture_rooms"
6.88328450230648,-0.900367515797902,0,1,"item_229","机 (つくえ)","desk","furniture_rooms"
6.93038299583139,-1.26307308156673,0,1,"item_230","テーブル","table","furniture_rooms"
7.91789339310539,0.829896283882702,0,1,"item_231","テレビ","television","furniture_rooms"
5.68096444226617,-0.550549408661843,0,1,"item_232","電気 (でんき)","light","furniture_rooms"
7.2192966833895,-0.368713214136197,0,1,"item_233","ドア","door","furniture_rooms"
11.291405706437,1.36647630762234,0,1,"item_234","トイレ","toilet","furniture_rooms"
6.02373580089989,-1.26711357231104,0,1,"item_236","ピアノ","piano","furniture_rooms"
5.6568953190848,-3.9349068392285,0,1,"item_237","引き出し (ひきだし)","drawer","furniture_rooms"
4.09675154137089,-3.08696995294237,0,1,"item_238","ビデオ","video","furniture_rooms"
5.78780984719658,-1.72984089607702,0,1,"item_239","ベッド","bed","furniture_rooms"
9.62586352677737,-2.55563043450856,0,1,"item_240","部屋 (へや)","room","furniture_rooms"
9.55013111592104,-1.84341152217395,0,1,"item_241","窓 (まど)","window","furniture_rooms"
7.36135829981993,-1.03548529050289,0,1,"item_242","冷蔵庫 (れいぞうこ)","refrigerator","furniture_rooms"
6.41351020503162,-1.31472404850191,0,1,"item_245","絵 (え)","picture","household"
6.42314320824918,-1.04246186129454,0,1,"item_246","お金 (おかね)","money","household"
8.2398735824154,0.432588783694819,0,1,"item_247","お皿 (おさら)","dish","household"
5.3546450381787,0.0805861190982456,0,1,"item_248","鍵 (かぎ)","key","household"
6.38752608912703,1.44410130539083,0,1,"item_250","傘 (かさ)","umbrella","household"
6.03898558044628,-0.198316732493749,0,1,"item_251","鞄 (かばん)","bag","household"
8.55563895566999,-0.84507051720342,0,1,"item_252","紙 (かみ)","paper","household"
6.93969767372791,-1.501133160607,0,1,"item_253","カメラ","camera","household"
4.59729755786754,-1.76711793806964,0,1,"item_256","櫛 (くし; 家庭用品)","comb","household"
7.75565327466757,-0.302005657587404,0,1,"item_257","薬 (くすり)","medicine","household"
6.55082497476266,1.4830970125059,0,1,"item_258","コップ","cup","household"
7.81641325491665,-0.754553338572056,0,1,"item_259","ごみ箱 (ごみばこ)","trash_box","household"
7.73625820416797,-2.65083730495211,0,1,"item_260","財布 (さいふ)","wallet","household"
6.41536386931927,-1.78192573159864,0,1,"item_261","シャンプー","shampoo","household"
6.15296698748611,1.34396306821127,0,1,"item_263","スプーン","spoon","household"
5.17498441578787,-0.800975451919548,0,1,"item_167","スリッパ","slippers","clothing"
7.1905250298147,-1.9222769434083,0,1,"item_264","石鹸 (せっけん)","soap","household"
6.71735595263631,-1.37227253375,0,1,"item_266","掃除機 (そうじき)","vacuum_cleaner","household"
7.07066942486266,-0.0648922430006385,0,1,"item_267","タオル","towel","household"
6.35166645283014,-2.99931205345236,0,1,"item_268","茶碗 (ちゃわん)","bowl","household"
5.61600854936016,0.478324590149267,0,1,"item_269","ティッシュ","tissue","household"
4.78316912446488,-1.76707870521195,0,1,"item_271","電池 (でんち)","battery","household"
7.73768125552982,0.117192809085647,0,1,"item_272","電話 (でんわ)","phone","household"
6.70748065115477,-0.36090438868889,0,1,"item_273","時計 (とけい)","clock","household"
8.01534414612811,-2.58428187961899,0,1,"item_276","バケツ","bucket","household"
8.55339110583249,-2.30705151051608,0,1,"item_277","箱 (はこ)","box","household"
9.70962365035544,-0.739629839068273,0,1,"item_278","鋏 (はさみ)","scissors","household"
7.12295297541252,-0.134736301221304,0,1,"item_279","箸 (はし)","chopsticks","household"
6.93191559738312,-2.89826181834959,0,1,"item_281","ハンカチ","handkerchief","household"
7.22261525355354,0.310768359604914,0,1,"item_280","歯ブラシ (はぶらし)","toothbrush","household"
7.38920725513135,0.891974388503175,0,1,"item_283","フォーク","fork","household"
8.57743087563849,-0.293800467084352,0,1,"item_284","布団 (ふとん)","futon","household"
5.01893037278032,-3.01324160247125,0,1,"item_286","箒 (ほうき)","broom","household"
7.56004666155932,-1.13407864180944,0,1,"item_290","枕 (まくら)","pillow","household"
6.41027492723018,0.602356360634352,0,1,"item_291","眼鏡 (めがね)","glasses","household"
4.41347452995477,-1.83681302711838,0,1,"item_293","毛布 (もうふ)","blanket","household"
8.65932109334062,3.21026343559928,0,1,"item_294","雨 (あめ)","rain","outside"
5.7897648603101,-0.399373791907853,0,1,"item_325","家 (いえ)","house","places"
5.42611157127729,-0.893294654660529,0,1,"item_326","海 (うみ)","sea","places"
7.31387743388395,1.10920170287945,0,1,"item_328","おうち","house","places"
10.436388720401,-0.582293293481057,0,1,"item_329","お仕事 (おしごと)","job","places"
6.04785100080946,0.484843202337255,0,1,"item_330","お外 (おそと)","outside","places"
6.88854616299064,0.524318577697214,0,1,"item_298","お月さん (おつきさん)","moon","outside"
6.49104885276166,-0.800995392964023,0,1,"item_300","おひさま","sun","outside"
9.65722313250662,-1.75772849203102,0,1,"item_331","お店 (おみせ)","shop","places"
5.69267309372686,-1.98816461736451,0,1,"item_332","会社 (かいしゃ)","company","places"
4.50195365615184,-2.00149639836256,0,1,"item_334","学校 (がっこう)","school","places"
4.92725508049557,-1.61713130897891,0,1,"item_302","川 (かわ)","river","outside"
4.79613261700886,-0.124484593624771,0,1,"item_303","木 (き)","tree","outside"
9.19148145714816,0.537032632384507,0,1,"item_336","公園 (こうえん)","park","places"
4.6375252503019,-1.61949555163224,0,1,"item_306","スコップ","scoop","outside"
8.56643110107415,-1.30621728996462,0,1,"item_307","砂場 (すなば)","sandpit","outside"
7.82590103895162,0.537333154638126,0,1,"item_308","すべり台 (すべりだい)","slide","outside"
8.85586476167184,-1.36237480408048,0,1,"item_309","空 (そら)","sky","outside"
9.27000759855867,-2.05390603884376,0,1,"item_340","動物園 (どうぶつえん)","zoo","places"
5.45500972688452,-2.7640454052385,0,1,"item_310","庭 (にわ)","garden","outside"
3.63571435814696,1.59439496656842,0,1,"item_313","葉っぱ (はっぱ)","leaf","outside"
7.14264179166586,1.84265851303766,0,1,"item_314","花 (はな)","flower","outside"
7.22320431620422,-0.552059296808407,0,1,"item_315","プール","pool","outside"
7.93194492580053,-0.206432100808766,0,1,"item_316","ブランコ","swing","outside"
4.42173760667408,-0.871653477196587,0,1,"item_342","保育所 (ほいくしょ)","nursery_school","places"
5.28708835131093,0.224692636202204,0,1,"item_319","星 (ほし)","star","outside"
6.75278989032604,-0.908560296012049,0,1,"item_323","雪 (ゆき)　","snow","outside"
6.24483048273137,1.52864748744565,0,1,"item_347","赤ちゃん (あかちゃん)","baby","people"
5.6568488678412,-2.32102519222024,0,1,"item_348","運転手 (うんてんしゅ)","driver","people"
2.68032415377648,0.430626574603364,0,1,"item_351","お母さん (おかあさん)","mother","people"
2.94355108157694,0.169585691545254,0,1,"item_352","おじいさん","grandfather","people"
3.99849755825697,-1.9805647023522,0,1,"item_353","おじさん","uncle","people"
2.64296863792115,0.255423930223855,0,1,"item_355","お父さん (おとうさん)","father","people"
7.49667845956114,-1.127685511903,0,1,"item_356","お友達 (おともだち)","friend","people"
3.54036359098425,-0.952210332108662,0,1,"item_357","お兄さん (おにいさん)","older_brother","people"
3.55689913280375,-0.868286738657092,0,1,"item_358","お姉さん (おねえさん)","older_sister","people"
2.48260960025653,0.293985631255343,0,1,"item_359","おばあさん","grandmother","people"
4.09737388785073,-2.66726642997999,0,1,"item_360","おばさん","aunt","people"
3.31934879367895,3.12563211196981,0,1,"item_364","キャラクター (アンパンマンなど) の名前 (なまえ)","particular_character_name","people"
1.6810497812142,-0.369290262852543,0,1,"item_365","きょうだいの名前 (なまえ)","particular_sibling_name","people"
5.95068932987711,-2.63706783969066,0,1,"item_366","子ども (こども)","child","people"
5.90734431016322,1.93173899105256,0,1,"item_367","自分 (子ども自身) の名前 (なまえ)","own_name","people"
4.16506324857715,1.32006404799535,0,1,"item_368","先生 (せんせい)","teacher","people"
4.95575539541252,1.02535219939003,0,1,"item_370","友達の名前 (ともだちのなまえ)","particular_friend_name","people"
1.32025607033676,1.66950029205817,0,1,"item_371","パパ","daddy","people"
6.03085035933994,-2.89566787745322,0,1,"item_372","人 (ひと)","people","people"
1.40621035067382,2.05672094257541,0,1,"item_374","ママ","mom","people"
3.71117829379745,1.76974319901409,0,1,"item_376","ありがとう","thank_you","games_routines"
4.13901313922038,1.81803615022055,0,1,"item_377","いただきます","let’s_eat","games_routines"
5.03903826691609,0.734723405005214,0,1,"item_378","いってらっしゃい","have_a_good_day","games_routines"
1.9742933916807,2.97972352165343,0,1,"item_379","(イナイイナイ) バー","peekaboo","games_routines"
6.25896848309883,2.34153399688284,0,1,"item_380","うんち","poop","games_routines"
4.89330740952556,1.58266311709528,0,1,"item_383","おしっこ","pee","games_routines"
5.7622934125776,1.39058874374946,0,1,"item_384","おしまい","end","games_routines"
4.8757434917017,1.43506329643518,0,1,"item_385","おはよう","good_morning","games_routines"
8.87151447796025,1.59125564800888,0,1,"item_386","お風呂 (おふろ; 入浴すること)","bath","games_routines"
5.94453237771502,1.16707681642932,0,1,"item_387","おやすみ (あいさつ)","good_night","games_routines"
4.3169499245827,1.93647914737792,0,1,"item_389","ごちそうさま","thank_you_for_the_meal","games_routines"
4.01777950509622,1.43307261108795,0,1,"item_390","ごはん (食事のこと)","meal","games_routines"
6.15714465251448,1.24201421679945,0,1,"item_391","ごめんなさい","sorry","games_routines"
5.13210691295574,0.353993530759551,0,1,"item_392","こんにちは","hello","games_routines"
4.51622807829735,1.70128129596015,0,1,"item_395","だめ","no_good","games_routines"
4.31881987379141,1.78739800649771,0,1,"item_396","ちょうだい","give_me","games_routines"
3.29627497901323,2.30836489833426,0,1,"item_397","どうぞ","here_you_are","games_routines"
2.61676505213719,2.43657958506139,0,1,"item_398","はい (返事)","yes","games_routines"
3.10620185851868,3.49392692246285,0,1,"item_399","バイバイ","bye_bye","games_routines"
5.07284076624946,-2.01399470872569,0,1,"item_401","あがる","go_up","action_words"
5.13476415390196,1.2540710815376,0,1,"item_402","開ける (あける)","open","action_words"
7.36475566259588,-0.841972744150634,0,1,"item_403","あげる","rise","action_words"
10.9084530299256,1.19068750865566,0,1,"item_404","遊ぶ (あそぶ)","play","action_words"
8.52005114483865,0.101417152555465,0,1,"item_405","洗う (あらう)","wash","action_words"
4.29174717971993,0.442050837834462,0,1,"item_406","(…が) ある","exist","action_words"
8.0646039260794,0.808333066820109,0,1,"item_407","歩く (あるく)","walk","action_words"
5.57432213260686,1.46254301517096,0,1,"item_409","行く (いく)","go","action_words"
4.75363443496416,-0.229114326659989,0,1,"item_411","居る (いる)","be_there","action_words"
7.30224450891147,-0.406993764855499,0,1,"item_412","入れる (いれる)","put_in","action_words"
10.4944003418491,-0.76245901396257,0,1,"item_413","歌う (うたう)","sing","action_words"
7.21100935860588,0.572718572876665,0,1,"item_414","起きる (おきる)","get_up","action_words"
8.73348360800268,-1.12281496036905,0,1,"item_415","置く (おく)","put","action_words"
8.16748152993865,-1.88947085247636,0,1,"item_416","怒る (おこる)","get_angry","action_words"
4.1823270777319,0.402418779055795,0,1,"item_418","落ちる (おちる)","fall","action_words"
6.76529904207502,-0.0544130655510468,0,1,"item_422","降りる (おりる)","get_off","action_words"
10.0641677281932,0.546270181866862,0,1,"item_425","帰る (かえる)","go_home","action_words"
7.78783998330226,-0.263804193533639,0,1,"item_426","書く (かく)","write","action_words"
6.10934153262964,-0.911466024846837,0,1,"item_429","貸す (かす)","lend","action_words"
5.61413787934156,-0.413011158468909,0,1,"item_430","片づける (かたづける)","clean_up","action_words"
8.93833585085925,-0.234506652532041,0,1,"item_435","着る (きる)","wear","action_words"
5.98661266354783,-0.41704882740587,0,1,"item_438","来る (くる)","come","action_words"
7.65392278810418,-1.14360529613866,0,1,"item_440","こぼす","spill","action_words"
9.35541161994771,-1.46978666657544,0,1,"item_441","転ぶ (ころぶ)","fall","action_words"
8.76146790457105,-0.88172297883219,0,1,"item_444","閉める (しめる)","close","action_words"
5.37454873618695,1.22623009554011,0,1,"item_446","好き (すき)","like","action_words"
6.5737397629994,-0.649367492236697,0,1,"item_447","捨てる (すてる)","throw_away","action_words"
6.11791456714003,-0.761042649030302,0,1,"item_448","する","do","action_words"
7.5660312754324,-0.243173564878553,0,1,"item_449","座る (すわる)","sit","action_words"
3.5062097069291,-0.481452330264286,0,1,"item_450","抱く (だく)","hug","action_words"
8.2045141207222,-1.80210295189395,0,1,"item_453","叩く (たたく)","hit","action_words"
4.65532656593891,-0.169360071690518,0,1,"item_454","立つ (たつ)","stand","action_words"
7.42846631275485,1.16335368709575,0,1,"item_455","食べる (たべる)","eat","action_words"
5.73683814947513,0.00327136393770566,0,1,"item_460","出来る (できる)","can_do","action_words"
4.57818611567575,-0.923029108173785,0,1,"item_461","出る (でる)","get_out","action_words"
7.56017555284,-1.01391659121138,0,1,"item_464","取る (とる)","take","action_words"
8.72634503611916,-0.189721023659134,0,1,"item_466","泣く (なく)","cry","action_words"
8.8356278229986,-1.68730164613329,0,1,"item_467","投げる (なげる)","throw","action_words"
9.23820210703086,-0.30531125220883,0,1,"item_471","脱ぐ (ぬぐ)","take_off","action_words"
5.0011117763389,0.888574333270814,0,1,"item_473","寝る (ねる)","sleep","action_words"
6.88326218010871,0.856562528511636,0,1,"item_475","飲む (のむ)","drink","action_words"
9.30586136892983,-0.397108437429869,0,1,"item_476","乗る (のる)","get_on","action_words"
6.62847187812348,-1.13525833421435,0,1,"item_477","入る (はいる)","enter","action_words"
7.61355624882451,0.0196011218653961,0,1,"item_478","履く (はく)","wear","action_words"
7.59967233173482,-1.21945365554444,0,1,"item_483","拭く (ふく)","wipe","action_words"
6.01686203220848,-0.136898627299981,0,1,"item_486","欲しい (ほしい)","want","action_words"
7.86412569888295,-1.39691179571713,0,1,"item_487","待つ (まつ)","wait","action_words"
8.01633947434858,-2.47832436378343,0,1,"item_490","見せる (みせる)","show","action_words"
6.16617663376155,-0.228108174751759,0,1,"item_491","見る (みる)","look","action_words"
8.38642820340607,-0.643723709501045,0,1,"item_493","持つ (もつ)","have","action_words"
7.77964246105433,-2.24872275765485,0,1,"item_494","持ってくる (もってくる)","bring_up","action_words"
7.83717736040879,-1.67614302605049,0,1,"item_497","やめる","stop","action_words"
7.06914824198769,-1.37836553870744,0,1,"item_498","やる","do","action_words"
9.15978666249618,-0.527362156834068,0,1,"item_501","読む (よむ)","read","action_words"
7.30522706249224,-1.38849015156591,0,1,"item_503","笑う (わらう)","laugh","action_words"
7.67618513887393,-1.08487382956986,0,1,"item_504","朝 (あさ)","morning","time_words"
7.15809367680806,-0.313526059311808,0,1,"item_506","あとで","later","time_words"
7.21117242916976,-1.92608077694184,0,1,"item_507","今 (いま)","now","time_words"
6.94246317743834,-2.58018507752448,0,1,"item_509","今日 (きょう)","today","time_words"
8.22517197545931,-2.88865980022682,0,1,"item_510","さっき","a_moment_ago","time_words"
7.59524202385399,-3.68453495923281,0,1,"item_512","昼 (ひる)","daytime","time_words"
6.58030483468134,-0.158487819888089,0,1,"item_513","まだ","yet","time_words"
8.85153157606362,-1.8586462986255,0,1,"item_515","夜 (よる)","night","time_words"
4.80987771703554,0.848689122053748,0,1,"item_517","赤い (あかい)","red","descriptive_words"
3.48664481059152,1.76865562535291,0,1,"item_520","熱い・暑い (あつい)","hot","descriptive_words"
5.82713561940053,0.417054397381834,0,1,"item_521","甘い (あまい)","sweet","descriptive_words"
5.0041156080855,-0.315392071611754,0,1,"item_522","良い (いい)","good","descriptive_words"
4.32066641250196,2.2833213405691,0,1,"item_524","痛い (いたい)","painful","descriptive_words"
5.28200467492097,-1.65990239390293,0,1,"item_526","うるさい","noisy","descriptive_words"
6.58853903151847,-1.85466179054374,0,1,"item_527","嬉しい (うれしい)","glad","descriptive_words"
4.16080966733042,1.98368511890223,0,1,"item_528","おいしい","delicious","descriptive_words"
6.26027654245184,0.198945985745433,0,1,"item_532","重い (おもい)","heavy","descriptive_words"
4.6734751068736,-2.00220727180058,0,1,"item_533","お利口 (おりこう)","clever","descriptive_words"
5.62443585129852,-0.0599511591926337,0,1,"item_535","かゆい","itchy","descriptive_words"
5.00582953670184,-0.493595490214305,0,1,"item_536","辛い (からい)","spicy","descriptive_words"
4.40915844319404,-1.345037377565,0,1,"item_537","からっぽ","empty","descriptive_words"
4.48312165891514,0.880845525900745,0,1,"item_538","かわいい","cute","descriptive_words"
7.85840157052606,-3.02364253621656,0,1,"item_539","かわいそう","pity","descriptive_words"
5.42449893120398,-1.11587630747469,0,1,"item_541","汚い (きたない)","dirty","descriptive_words"
5.97332351680648,-1.08702079136602,0,1,"item_542","嫌い (きらい)","dislike","descriptive_words"
4.36691563977105,-0.440654866776858,0,1,"item_543","きれい","clean","descriptive_words"
3.68981084547386,-0.398366747799661,0,1,"item_544","臭い (くさい)","odor","descriptive_words"
7.74229254896496,-0.495159996231922,0,1,"item_545","暗い (くらい)","dark","descriptive_words"
5.28252606697308,1.06255466801773,0,1,"item_548","怖い (こわい)","scary","descriptive_words"
7.45323876826596,-0.466784544004787,0,1,"item_549","寒い (さむい)","cold","descriptive_words"
9.1162499992391,-3.5949183912305,0,1,"item_551","静か (しずか)","quiet","descriptive_words"
4.71838777909282,0.15842508112809,0,1,"item_552","上手 (じょうず)","good","descriptive_words"
4.37325521377964,-0.566876588931617,0,1,"item_555","酸っぱい (すっぱい)","sour","descriptive_words"
4.69747242308268,-0.679525146696842,0,1,"item_556","大事 (だいじ)","important","descriptive_words"
6.88098644229047,-0.328342991096158,0,1,"item_557","大丈夫 (だいじょうぶ)","all_right","descriptive_words"
6.89605351816478,-1.14425758519999,0,1,"item_558","高い (たかい)","high","descriptive_words"
7.35886700839611,-0.00500002187408423,0,1,"item_560","小さい (ちいさい)","small","descriptive_words"
6.44733183477397,-0.0626653926203641,0,1,"item_561","違う (ちがう)","wrong","descriptive_words"
5.7839129460617,0.383745163380313,0,1,"item_563","冷たい (つめたい)","cold","descriptive_words"
3.80289571163891,1.43271022413513,0,1,"item_564","無い (ない)","none","descriptive_words"
9.10597973299738,-1.36840812484442,0,1,"item_566","濡れた (ぬれた)","wet","descriptive_words"
6.09239612605508,-0.213172251119445,0,1,"item_567","眠い (ねむい)","sleepy","descriptive_words"
8.3356812010865,-1.32400426953727,0,1,"item_568","はやい","fast","descriptive_words"
7.29200248069705,-1.0681214722719,0,1,"item_572","丸い (まるい)","round","descriptive_words"
8.78753009697599,-3.93012618707524,0,1,"item_578","悪い (わるい)","bad","descriptive_words"
4.96138140116541,-1.81960705395195,0,1,"item_579","あそこ","overthere","pronouns"
3.5217862034174,1.80386420070547,0,1,"item_580","あっち","overthere","pronouns"
4.41659534678399,-0.180979182076133,0,1,"item_582","あれ","that","pronouns"
3.52800841863754,0.757344555869888,0,1,"item_586","ここ","here","pronouns"
4.12272111509778,1.02668069626618,0,1,"item_587","こっち","here","pronouns"
2.99953374468256,0.522262792589174,0,1,"item_589","これ","this","pronouns"
5.84017358377493,-2.32240831802954,0,1,"item_592","そこ","there","pronouns"
5.55770853098073,-1.9002106298792,0,1,"item_593","そっち","over_there","pronouns"
5.45476065526894,-1.8408645176678,0,1,"item_595","それ","it","pronouns"
4.58784728450159,-2.0786200670128,0,1,"item_597","ぼく","i","pronouns"
4.58954965683844,-2.45196392536423,0,1,"item_599","わたし","i","pronouns"
6.09517673232937,-1.47679771281697,0,1,"item_602","だれ","who","question_words"
5.20044726633891,-0.524621856405705,0,1,"item_605","どこ","where","question_words"
5.16696840326194,-1.28248523579855,0,1,"item_606","どっち","which","question_words"
6.33328585283838,-1.99576538702023,0,1,"item_607","どれ","which_one","question_words"
4.25323897579717,-0.320621322304161,0,1,"item_609","なに","what","question_words"
4.38892048672799,-1.13526463657703,0,1,"item_610","なんで","why","question_words"
6.41502946937103,0.0331222581990386,0,1,"item_612","上 (うえ)","up","locations"
7.62458093299694,-1.731394223652,0,1,"item_613","後ろ (うしろ)","behind","locations"
7.47536425126534,-0.48631384886622,0,1,"item_616","下 (した)","under","locations"
6.78749603282259,0.0306895268134379,0,1,"item_618","外 (そと)","outside","locations"
7.35343268778217,-4.07630368911761,0,1,"item_623","ところ・とこ","place","locations"
5.91186504367174,-2.29513342440548,0,1,"item_625","中 (なか)","center","locations"
4.20256138974529,-1.71057866971796,0,1,"item_627","反対 (はんたい)","opposite","locations"
5.47342250304209,-1.69320770195638,0,1,"item_630","前 (まえ)","before","locations"
8.28162445173905,-3.97746736137986,0,1,"item_632","まん中 (まんなか)","middle","locations"
6.05070739747678,-2.95693531006739,0,1,"item_634","向こう (むこう)","over_there","locations"
8.09201202129093,-3.75707367075343,0,1,"item_635","横 (よこ)","beside","locations"
6.35410350011843,0.487021219652233,0,1,"item_640","一緒 (いっしょ)","together","quantifiers"
5.99402236191783,1.2207952236877,0,1,"item_641","いっぱい","full","quantifiers"
3.29535521705905,-0.98829198277649,0,1,"item_646","無し (なし; 数量をあらわすことば)","none","quantifiers"
5.91604238441752,-0.717206031297761,0,1,"item_648","ひとつ","one","quantifiers"
6.90303003061753,-0.957343336129712,0,1,"item_650","みんな","everyone","quantifiers"
4.81177208333114,1.55567347318324,0,1,"item_651","もう一回 (もういっかい)","again","quantifiers"
4.30468992846332,-0.553662097956045,0,1,"item_652","もうひとつ・もひとつ","another","quantifiers"
5.04954386594121,0.560638828906817,0,1,"item_653","もっと","more","quantifiers"
2.93855567343135,0.622222438722639,0,1,"item_660","エンエン (泣く; なく)","cry","sounds2"
4.37262038627138,2.19964380278891,0,1,"item_661","おてて (お手々)","hand","sounds2"
4.82765419698367,0.268641892853017,0,1,"item_662","おんぶ","piggyback_ride","sounds2"
2.38145878701997,-0.0283441220285661,0,1,"item_663","カーカー (カラス)","caw_caw","sounds2"
4.0918190919598,0.269140008989095,0,1,"item_664","きれいきれい","clean_up","sounds2"
2.08434356798282,1.01858240778925,0,1,"item_665","クック (靴; くつ)","shoes","sounds2"
3.38913656331049,0.0691002594169436,0,1,"item_666","ぐるぐる","spin","sounds2"
4.18865417712141,-0.123525972828188,0,1,"item_667","ごっつん","hit_head","sounds2"
2.63474602472245,1.00577555712278,0,1,"item_668","ジャー (水などこぼす時)","spill_water","sounds2"
2.41104311595722,1.187438327392,0,1,"item_669","ジージ・ジジ (祖父; そふ)","grandfather","sounds2"
2.20524008179367,-1.96848355791966,0,1,"item_670","ジージ (字; じ)","writing","sounds2"
2.05640943299548,0.0331329465439712,0,1,"item_671","シーシ (おしっこ)","pee","sounds2"
2.24611443197021,-1.94243794600835,0,1,"item_672","タイタイ・おとと (魚; さかな)","fish","sounds2"
4.70645437703773,2.74410902793372,0,1,"item_673","だっこ","hold_me","sounds2"
1.94126610913057,-1.29220960890876,0,1,"item_674","ちゃんこ (おすわり)","sitting","sounds2"
2.69342653659994,-0.339133480233509,0,1,"item_675","チューチュー (ねずみ)","squeak","sounds2"
2.54573636110269,-0.443009349397715,0,1,"item_676","チュンチュン (鳥; とり)","little_bird","sounds2"
4.11252642423437,-0.842093512651036,0,1,"item_677","チョキチョキ (はさみ)","scissors","sounds2"
2.19153437309952,1.00855792609716,0,1,"item_678","ないない (片づけ; かたづけ)","clean_up","sounds2"
3.06139615179248,2.06786445754856,0,1,"item_679","ネンネ","sleep","sounds2"
2.05187820719047,1.12774353225958,0,1,"item_680","バーバ・ババ (祖母; そぼ)","grandmother","sounds2"
2.92290512496699,-1.36664119306215,0,1,"item_681","パカパカ (馬; うま)","horse","sounds2"
2.53089582559606,-0.314066402002353,0,1,"item_682","パクパク (食べる時)","eat","sounds2"
3.07189212276546,-0.641839305573146,0,1,"item_683","ぴよぴよ (ひよこ)","chirp","sounds2"
2.69060278622253,0.242315765786036,0,1,"item_684","ブーブー (豚; ぶた)","oink","sounds2"
2.41686798875323,-0.0686541367071987,0,1,"item_685","ブーン (飛行機; ひこうき)","airplane","sounds2"
2.24433078602081,-0.16289484688623,0,1,"item_686","ポーン (投げる; なげる)","throw","sounds2"
1.86546867531253,0.0115595800370181,0,1,"item_687","ポンポン (おなか)","stomach","sounds2"
0.596433536626182,-0.0812098837337182,0,1,"item_688","マンマ (食べ物; たべもの)","food","sounds2"
1.25128861463071,0.158226300400115,0,1,"item_689","あっ","ah","conversations"
5.67289073419879,-2.17175448055565,0,1,"item_690","あのね","well","conversations"
2.66356305470641,-0.459304335228022,0,1,"item_691","あれっ・あら","what?","conversations"
5.20488363402805,0.674506654848284,0,1,"item_692","いいよ","ok","conversations"
2.13652411099595,0.856193156297096,0,1,"item_693","いや","disagreeable","conversations"
2.47092313041347,-0.49436249556795,0,1,"item_694","ううん (打ち消し)","no","conversations"
2.33503994880971,1.01796615165766,0,1,"item_695","うん (返事として)","yup","conversations"
4.58872109318317,-1.08153022336912,0,1,"item_696","えっと・ええと","um","conversations"
4.58712098264659,-2.54147575154061,0,1,"item_697","そうそう","oh_yeah","conversations"
3.20404775738392,-0.482593193005746,0,1,"item_698","ねえ","hey","conversations"
5.78270904365561,-2.86943837830048,0,1,"item_699","ほら","you_see","conversations"
3.42856249413979,0.313884955978482,0,1,"item_700","もしもし","hello","conversations"
3.21358831696557,1.31131401642859,0,1,"item_701","やだ・いやだ","no","conversations"
1.70333192015756,-0.939118531774169,0,1,"item_702","ん (間をとるのに)","hmm","conversations"
3.67633795830972,2.91183576961452,0,1,"item_703","あった (見つけた時に)","found_it","others"
4.77468664651736,1.18255521499819,0,1,"item_704","おいで","come_here","others"
3.16507681698181,1.54703108069003,0,1,"item_705","カンパーイ (乾杯; かんぱい)","cheers","others"
6.94111986212929,-2.0530067317272,0,1,"item_706","今度 (こんど)","next_time","others"
7.62182295284947,-2.5169271078492,0,1,"item_707","しまう","store","others"
7.03009308454998,-1.39325779713066,0,1,"item_708","また","also","others"
4.56732127598485,-1.05057841351164,0,1,"item_709","もう","already","others"
2.49912131833123,0.819546808640746,0,1,"item_710","よいしょ","heave_ho","others"
3.67558986076196,0.506081337262934,0,1,"item_711","よしよし","there_there","others"
6.01534833872646,0.0185874784506847,0,1,"item_19","海老 (えび; 生き物の名前)","shrimp","animals"
4.97418311736694,-1.84493984214215,0,1,"item_20","オオカミ","wolf","animals"
6.04775291867606,-0.737166989733422,0,1,"item_26","キツネ","fox","animals"
5.11025515808093,-0.709612264531184,0,1,"item_28","クジラ (生き物の名前)","whale","animals"
4.79934268333694,-0.170049240400161,0,1,"item_31","ゴリラ","gorilla","animals"
5.78521944490601,-0.920064824518337,0,1,"item_36","タヌキ","raccoon","animals"
5.72468449454245,-0.765412275736036,0,1,"item_47","羊 (ひつじ; 生き物の名前)","sheep","animals"
3.45660043207123,-1.57928130349159,0,1,"item_58","三輪車 (さんりんしゃ)","tricycle","vehicles"
3.82329111171407,0.537351878026392,0,1,"item_60","消防車 (しょうぼうしゃ)","fire_engine","vehicles"
2.33057678496263,-1.32677660879775,0,1,"item_61","ダンプカー","dump_truck","vehicles"
4.2128360669205,-0.181171720839941,0,1,"item_64","バイク","motorcycle","vehicles"
4.34370762578611,-0.451864283906304,0,1,"item_69","ヘリコプター","helicopter","vehicles"
5.53369665107855,-0.468256823609915,0,1,"item_73","クレヨン","crayon","toys"
4.79271365077604,-2.24347124959928,0,1,"item_74","ゲーム","game","toys"
6.41153706556631,-0.224924055739494,0,1,"item_75","シャボン玉 (しゃぼんだま)","soap_bubble","toys"
6.33242637051364,-0.84455612424337,0,1,"item_76","太鼓  (たいこ)","drum","toys"
5.8377981322107,-1.82415827311836,0,1,"item_79","粘土 (ねんど)","clay","toys"
5.03837126365346,-2.07645308391488,0,1,"item_80","糊 (のり)","paste","toys"
6.5907424047651,-0.865128208834206,0,1,"item_81","パズル","puzzle","toys"
3.72121964951655,-4.08083515195524,0,1,"item_82","バット (おもちゃ)","bat","toys"
7.66757960452535,-2.44727004256745,0,1,"item_84","プレゼント","present","toys"
4.40694454612099,-0.268166110061509,0,1,"item_85","ペン","pen","toys"
6.10832377389751,0.53627453117434,0,1,"item_92","おいも","sweet_potato","food_drink"
6.74125877562879,0.907983048911926,0,1,"item_93","お菓子 (おかし)","sweets","food_drink"
4.6702026946825,-3.14855320047774,0,1,"item_94","お砂糖 (おさとう)","sugar","food_drink"
5.67582363401287,-1.16534734325062,0,1,"item_95","おすし","sushi","food_drink"
4.15121203014773,-1.49609069306845,0,1,"item_98","柿 (かき)","persimmon","food_drink"
6.24602762967235,0.336496023532581,0,1,"item_99","かぼちゃ","pumpkin","food_drink"
3.59882241683856,-3.13667829065409,0,1,"item_100","ガム","gum","food_drink"
5.75202699750145,0.24241435823684,0,1,"item_103","きゅうり","cucumber","food_drink"
5.47358294880554,-0.435575166276405,0,1,"item_104","クッキー","cookie","food_drink"
4.49583461204093,-1.06417261699804,0,1,"item_106","コーヒー","coffee","food_drink"
4.00541296504261,-0.471368302479878,0,1,"item_107","氷 (こおり)","ice","food_drink"
4.91745771656125,-0.196221159436509,0,1,"item_108","コーン (食べ物)","corn","food_drink"
7.70045115831536,-1.66174417327691,0,1,"item_111","サンドイッチ","sandwich","food_drink"
5.14202323147987,-1.78435730869237,0,1,"item_112","ジャム","jam","food_drink"
6.03563070585437,-2.84996908535396,0,1,"item_114","しょうゆ","soy_sauce","food_drink"
5.53007600522327,0.288627404964782,0,1,"item_116","スープ","soup","food_drink"
4.56312460910435,-0.749048153079993,0,1,"item_117","スパゲッティー","spaghetti","food_drink"
4.42208859455862,0.573154822097676,0,1,"item_118","ゼリー","jelly","food_drink"
6.06574083348434,-0.337646521384408,0,1,"item_119","せんべい","rice_crackers","food_drink"
5.69126727618992,-0.394297306271852,0,1,"item_120","大根 (だいこん)","radish","food_drink"
5.94595285292714,-1.09098300216775,0,1,"item_123","チョコレート","chocolate","food_drink"
6.99054277759222,0.00572566712339732,0,1,"item_125","ドーナツ","donut","food_drink"
5.08755838774383,-0.97041384504987,0,1,"item_127","梨 (なし)","pear","food_drink"
5.96433587996515,-0.782277657425145,0,1,"item_128","ナス (食べ物)","eggplant","food_drink"
5.09296822217621,0.871295701144946,0,1,"item_129","納豆 (なっとう)","natto","food_drink"
6.15688036392436,0.589235805356443,0,1,"item_132","海苔 (のり)","seaweed","food_drink"
6.01286876005706,-2.78892770662642,0,1,"item_133","バター","butter","food_drink"
4.85559031447003,-0.70921174712363,0,1,"item_136","ハム","ham","food_drink"
8.52095357006595,0.409489842599755,0,1,"item_137","ハンバーグ","hamburger","food_drink"
5.69651261311668,-0.175572944921575,0,1,"item_138","ピーマン","green_pepper","food_drink"
7.05421257055735,-1.84176296625323,0,1,"item_141","ほうれん草 (ほうれんそう)","spinach","food_drink"
3.57470705903518,-3.39572150354441,0,1,"item_142","ポッキー","pocky","food_drink"
6.38362987350955,-1.02884196102303,0,1,"item_143","ホットケーキ","pancake","food_drink"
3.46237578132107,-1.18859010871566,0,1,"item_144","ポテト (チップス)","potato_chips","food_drink"
5.33082978508856,-0.326663049154975,0,1,"item_150","メロン","melon","food_drink"
7.97453728911931,-0.941027023194875,0,1,"item_152","野菜 (やさい)","vegetable","food_drink"
6.37588718816027,0.727222199038811,0,1,"item_153","ヨーグルト","yogurt","food_drink"
4.93284818477061,-0.728719455542339,0,1,"item_154","ラーメン","ramen","food_drink"
2.19753400796772,-3.13618900172193,0,1,"item_165","ズック","zuck","clothing"
5.89071160268811,-4.1600961735496,0,1,"item_168","セーター","sweater","clothing"
2.93749013170233,-2.74403102774376,0,1,"item_169","ソックス","socks","clothing"
5.1779354876756,-4.52242298317843,0,1,"item_170","タイツ","tights","clothing"
5.40209692836151,-3.0224141817844,0,1,"item_171","チャック","zipper","clothing"
6.33282885101631,-5.14913723510539,0,1,"item_174","ネクタイ","tie","clothing"
5.75136768390374,-4.35150839204283,0,1,"item_175","ネックレス","necklace","clothing"
5.38836498818236,-3.57945449131305,0,1,"item_181","マフラー","scarf","clothing"
5.58733881327002,-1.77551193163467,0,1,"item_184","顎 (あご)","chin","body_parts"
6.16718658658025,-1.07904551768484,0,1,"item_190","おでこ","forehead","body_parts"
6.13432674777728,-1.20209875057907,0,1,"item_194","肩 (かた)","shoulder","body_parts"
8.20606583000431,-1.35353962146149,0,1,"item_197","首 (くび)","neck","body_parts"
8.05616311781534,-2.00112956207829,0,1,"item_198","怪我 (けが)","injury","body_parts"
8.58077217960773,-1.33111541490005,0,1,"item_200","背中 (せなか)","back","body_parts"
4.63882073360794,-1.5635564405082,0,1,"item_207","眉・眉毛 (まゆ・まゆげ)","eyebrow","body_parts"
4.18985881111545,-2.57739313217234,0,1,"item_212","エアコン","air_conditioner","furniture_rooms"
4.58347635051751,-4.3961508899346,0,1,"item_213","押し入れ (おしいれ)","closet","furniture_rooms"
4.63490016936238,-3.81963919529865,0,1,"item_218","げた箱 (げたばこ)","shoes_rack","furniture_rooms"
3.47913390946837,-4.06204263884699,0,1,"item_220","こたつ","kotatsu","furniture_rooms"
5.08704682868999,-3.58458220453649,0,1,"item_222","水道 (すいどう)","water_crew","furniture_rooms"
5.75139251980751,-4.97273915098416,0,1,"item_226","たたみ","tatami","furniture_rooms"
4.89318021762372,-2.66232343178531,0,1,"item_228","駐車場 (ちゅうしゃじょう)","parking_lot","furniture_rooms"
5.01136355952099,-1.91065266656505,0,1,"item_235","ドライヤー","hairdryer","furniture_rooms"
4.53032849723916,-2.43116258616494,0,1,"item_243","レンジ","range","furniture_rooms"
5.16480357810326,-3.8039313956033,0,1,"item_244","アイロン","iron","household"
6.8968141973571,-2.62126095694816,0,1,"item_249","かご","basket","household"
5.92792246793275,-3.7838337755027,0,1,"item_254","缶 (かん)","can","household"
5.6221361905285,-5.20786852091144,0,1,"item_255","釘 (くぎ)","nail","household"
7.201519473916,-0.974320794501645,0,1,"item_262","ストロー","straw","household"
6.4850048081802,-4.32858223126603,0,1,"item_265","雑巾 (ぞうきん)","rag","household"
6.86671142488453,-2.02951983236073,0,1,"item_270","テープ","tape","household"
6.49997699167167,-4.29261061310249,0,1,"item_274","ナイフ","knife","household"
7.87043107152152,-2.68493128563415,0,1,"item_275","鍋 (なべ)","pan","household"
6.42761134950526,-4.2145565432592,0,1,"item_282","瓶 (びん)","bottle","household"
6.73757304835512,-2.30468823819283,0,1,"item_285","フライパン","frying_pan","household"
6.45487483716405,-1.81810831940524,0,1,"item_287","包丁 (ほうちょう)","kitchen_knife","household"
7.16071732067907,-5.72593176878309,0,1,"item_288","ポット","pot","household"
6.02023171983536,-3.09912954444207,0,1,"item_289","マイク","microphone","household"
4.73825205695874,-4.37717361812201,0,1,"item_292","目覚まし (めざまし)","alarm_clock","household"
7.80492058318943,0.886156671426191,0,1,"item_295","石 (いし)","stone","outside"
4.81381279984768,-4.47365854677809,0,1,"item_296","岩 (いわ)","rock","outside"
6.18110749519597,-3.40583780701416,0,1,"item_297","枝 (えだ)","branch","outside"
7.30633522032442,-2.38877821046587,0,1,"item_299","お天気 (おてんき)","weather","outside"
7.5870094436516,-1.07114140168649,0,1,"item_301","風 (かぜ)","wind","outside"
5.54659630265869,-1.18445932314125,0,1,"item_304","草 (くさ)","grass","outside"
7.9737732354101,-0.732771193425702,0,1,"item_305","雲 (くも)","cloud","outside"
4.87683824446517,-3.20155915611402,0,1,"item_311","はしご","ladder","outside"
5.75992155319124,-3.63754054284765,0,1,"item_312","旗 (はた)","flag","outside"
7.19796901253859,-3.80698435663963,0,1,"item_317","ベランダ","veranda","outside"
6.45024049536231,-4.39945172505958,0,1,"item_318","ホース","hose","outside"
4.85614918233403,-4.44412558818962,0,1,"item_320","水まき (みずまき)","watering","outside"
9.11511624220552,-2.81754329877864,0,1,"item_321","道 (みち)","road","outside"
8.08878384316378,-4.0054926105339,0,1,"item_322","屋根 (やね)","roof","outside"
7.76084555204137,-2.33933334783207,0,1,"item_324","雪だるま (ゆきだるま)","snowman","outside"
5.72213258024384,-4.20274229657345,0,1,"item_327","映画 (えいが)","movies","places"
3.9440539001618,-4.04363872512531,0,1,"item_333","ガソリンスタンド","gas_station","places"
5.09298213509127,-5.00706247582746,0,1,"item_335","キャンプ","camp","places"
4.76586935823504,-5.16708478604963,0,1,"item_337","サーカス","circus","places"
5.24285032478557,-1.74737119577392,0,1,"item_338","スーパー (お店)","supermarket","places"
6.67127992877855,-5.75119333678712,0,1,"item_339","デパート","department_store","places"
6.41751463530279,-3.33445722334352,0,1,"item_341","ピクニック","picnic","places"
6.54445816704981,-4.68278920271239,0,1,"item_343","森 (もり)","woods","places"
5.89068569737361,-2.1296203234447,0,1,"item_344","山 (やま)","mountain","places"
4.1496829700127,-2.49499450244166,0,1,"item_345","幼稚園 (ようちえん)","kindergarten","places"
6.7772576725861,-3.60453904194813,0,1,"item_346","レストラン","restaurant","places"
8.34620301490062,-2.41505736363104,0,1,"item_349","お医者さん (おいしゃさん)","doctor","people"
6.12962352910396,-4.41435249366842,0,1,"item_350","王様 (おうさま)","king","people"
4.53957579977731,-2.95472604808116,0,1,"item_354","お相撲さん (おすもうさん)","sumo_wrestler","people"
5.61489924774312,-3.47315671999174,0,1,"item_361","お姫様 (おひめさま)","princess","people"
5.9296788526596,-2.46073652639481,0,1,"item_362","おまわりさん","policeman","people"
7.0821041665732,-5.74231043121537,0,1,"item_363","看護師さん (かんごしさん)","nurse","people"
5.15625628661236,-0.427560550943769,0,1,"item_369","先生の名前 (せんせいのなまえ)","particular_teacher_name","people"
2.61499594331283,-1.22061154018006,0,1,"item_373","ペットの名前 (なまえ)","particular_pet_name","people"
4.7127196828768,-2.48622474221819,0,1,"item_375","郵便屋さん (ゆうびんやさん)","postman","people"
8.05537609752711,0.689985946404252,0,1,"item_381","お歌 (おうた)","song","games_routines"
12.8837312018934,-0.727226747686834,0,1,"item_382","お買い物 (おかいもの)","shopping","games_routines"
7.54288650872431,0.416714129345264,0,1,"item_388","おやつ","snack","games_routines"
2.31540066728956,1.14468022891206,0,1,"item_393","シー (しずかにすること)","shush","games_routines"
4.09944747123717,-0.171443614310803,0,1,"item_394","じゃんけんぽん","rock_paper_scissors","games_routines"
7.21402963889113,0.802612059568688,0,1,"item_400","歯磨き (はみがき)","teethbrushing","games_routines"
9.74662009025363,-1.44680043699564,0,1,"item_408","言う(いう)","say","action_words"
4.66390633835681,-0.294047144874028,0,1,"item_410","要る (いる)","need","action_words"
8.76202268539557,-1.65931623223567,0,1,"item_417","押す (おす)","push","action_words"
7.79087562723078,-1.90555851926912,0,1,"item_419","踊る (おどる)","dance","action_words"
2.59143556687042,-2.65633019280632,0,1,"item_420","おぶう (おんぶすること)","to_piggyback","action_words"
9.62587038531732,-3.1989571651082,0,1,"item_421","泳ぐ (およぐ)","swim","action_words"
7.38386865936937,-0.425062010413598,0,1,"item_423","終わる (おわる)","end","action_words"
9.86958365616048,-1.06131362033972,0,1,"item_424","買う (かう)","buy","action_words"
10.4943480792924,-3.91995900550276,0,1,"item_427","隠す (かくす)","hide","action_words"
9.24388175825332,-4.4142565611588,0,1,"item_428","かける","hang","action_words"
8.19146921563414,-2.82400537620857,0,1,"item_431","被る (かぶる)","put_on","action_words"
6.93528160438577,-2.25422171456172,0,1,"item_432","消える(きえる)","disappear","action_words"
10.1753103261194,-2.69373767439251,0,1,"item_433","聞く (きく)","listen","action_words"
7.13475731315362,-1.70282008311494,0,1,"item_434","聞こえる (きこえる)","hear","action_words"
10.2259326181856,-2.23475923407125,0,1,"item_436","切る (きる)","cut","action_words"
7.35121167666432,-1.65108695563785,0,1,"item_437","くっつける","stick","action_words"
8.00678025207293,-2.44621410156249,0,1,"item_439","蹴る (ける)","kick","action_words"
10.4573954651162,-1.80174762136309,0,1,"item_442","壊す (こわす)","break_down","action_words"
9.67275627955612,-2.50016992486774,0,1,"item_443","触る (さわる)","touch","action_words"
11.7328886966339,-4.5277482125001,0,1,"item_445","知る (しる)","know","action_words"
8.27658911250606,-2.1163482033064,0,1,"item_451","出す (だす)","put_out","action_words"
7.54037496547276,-2.39207339499891,0,1,"item_452","助ける (たすける)","help","action_words"
11.8442727082842,-3.08472826234814,0,1,"item_456","つかまえる","catch","action_words"
7.11467378721751,-1.91979181970937,0,1,"item_457","着く (つく)","reach","action_words"
11.9407427110833,-2.22869684183538,0,1,"item_458","作る (つくる)","create","action_words"
8.94098868056432,-3.11416299618477,0,1,"item_459","付ける (つける)","attach","action_words"
7.71952478165799,-1.44457017966508,0,1,"item_462","飛ぶ (とぶ)","jump","action_words"
10.9727565496996,-2.27847348908153,0,1,"item_463","止まる (とまる)","stop","action_words"
7.00881397445711,-2.0815499705626,0,1,"item_465","なおす","fix","action_words"
11.7482378478997,-4.1310119412246,0,1,"item_468","舐める (なめる)","lick","action_words"
8.20176541292593,-2.91511859952844,0,1,"item_469","…なる","become","action_words"
9.51049378636492,-2.88158091679066,0,1,"item_470","逃げる (にげる)","escape","action_words"
9.0031316222691,-2.50211178902985,0,1,"item_472","塗る (ぬる)","paint","action_words"
9.70643938393166,-2.53601901010061,0,1,"item_474","登る (のぼる)","climb","action_words"
10.4543686134632,-3.52607321250588,0,1,"item_479","運ぶ (はこぶ)","carry","action_words"
9.85487160890941,-1.10949066109565,0,1,"item_480","走る (はしる)","run","action_words"
9.78264658329823,-2.85257008926961,0,1,"item_481","引っぱる (ひっぱる)","pull","action_words"
11.3057403067564,-3.13727337527092,0,1,"item_482","拾う (ひろう)","pick_up","action_words"
7.67621681034954,-3.69782954113691,0,1,"item_484","吹く (ふく)","blow","action_words"
11.0058459598371,-3.03524809492443,0,1,"item_485","ぶつかる","collide","action_words"
10.0317900896849,-2.94193836366222,0,1,"item_488","回る (まわる)","turn_around","action_words"
7.73452148072025,-1.73467176247466,0,1,"item_489","見える (みえる)","appear","action_words"
8.69438440015507,-2.71683789825888,0,1,"item_492","むく (皮などを)","peel","action_words"
9.48835006887135,-2.51962770822026,0,1,"item_495","もらう","get","action_words"
9.76079435877111,-2.9412754467814,0,1,"item_496","破る (やぶる)","break","action_words"
9.84066287863956,-2.92868587014181,0,1,"item_499","汚す (よごす)","defile","action_words"
10.3002557342398,-3.4479693336464,0,1,"item_500","呼ぶ (よぶ)","call","action_words"
7.89100489419272,-2.42006587579228,0,1,"item_502","わかる","understand","action_words"
5.37979898070101,-1.54923574728359,0,1,"item_505","明日 (あした)","tomorrow","time_words"
6.45656603364725,-2.90027190431778,0,1,"item_508","昨日 (きのう)","yesterday","time_words"
8.19514414884891,-4.1278724397532,0,1,"item_511","時間 (じかん)","time","time_words"
6.8423563473558,-4.6007156165622,0,1,"item_514","夕方 (ゆうがた)","evening","time_words"
4.06107854362102,0.738003660195337,0,1,"item_516","青い (あおい)","blue","descriptive_words"
7.29222192777699,-1.32542974567749,0,1,"item_518","明るい (あかるい)","bright","descriptive_words"
8.71798421798316,-2.81038127100758,0,1,"item_519","新しい (あたらしい)","new","descriptive_words"
5.54701531652036,-3.19311629756002,0,1,"item_523","いじわる","mean","descriptive_words"
2.54159825106071,-0.798329320103187,0,1,"item_525","上手い (うまい)","good","descriptive_words"
6.81408510348868,1.48582645815604,0,1,"item_529","大きい (おおきい)","large","descriptive_words"
6.03133550765557,-2.8485982055219,0,1,"item_530","おかしい","funny","descriptive_words"
10.1426191008989,-3.33526381108833,0,1,"item_531","遅い (おそい)","slow","descriptive_words"
6.24342288889399,-0.837590214299711,0,1,"item_534","固い (かたい)","hard","descriptive_words"
6.66096316183212,-3.95956606944265,0,1,"item_540","乾いた (かわいた)","dried","descriptive_words"
6.36387416703502,-1.42012675281638,0,1,"item_546","黒い (くろい)","black","descriptive_words"
8.48646951666015,-2.44556260485325,0,1,"item_547","元気 (げんき)","energy","descriptive_words"
6.06375504639237,-2.40065894972204,0,1,"item_550","四角い (しかくい)","square","descriptive_words"
6.97948972680879,-0.935165573807338,0,1,"item_553","白い (しろい)","white","descriptive_words"
6.27317686298843,-0.307918867073097,0,1,"item_554","すごい","great","descriptive_words"
7.94282996626577,-0.875735908074762,0,1,"item_559","楽しい (たのしい)","pleasant","descriptive_words"
7.46224304321322,-2.10346618130923,0,1,"item_562","疲れた (つかれた)","exhausted","descriptive_words"
8.81052777720728,-1.47564003087091,0,1,"item_565","長い (ながい)","long","descriptive_words"
8.45912214238298,-4.02821970848927,0,1,"item_569","病気 (びょうき)","sick","descriptive_words"
7.0591860730775,-3.06040580794785,0,1,"item_570","変 (へん)","strange","descriptive_words"
6.34520130811193,-2.92113107423826,0,1,"item_571","まずい","bad_taste","descriptive_words"
6.74493883940398,-0.530650081304261,0,1,"item_573","緑 (みどり)","green","descriptive_words"
8.30535914473369,-2.48671894199368,0,1,"item_574","難しい (むずかしい)","difficult","descriptive_words"
8.07481332257673,-3.18687856536804,0,1,"item_575","やさしい","easy","descriptive_words"
10.2464968999286,-3.6526194257646,0,1,"item_576","柔らかい (やわらかい)","soft","descriptive_words"
10.6240147201155,-3.14807522048999,0,1,"item_577","ゆっくり","slowly","descriptive_words"
6.60726373237443,-2.89097794267789,0,1,"item_581","あの","that","pronouns"
3.9074742444308,-4.41895388081353,0,1,"item_583","あんた","you","pronouns"
6.01218150158859,-5.07231044008858,0,1,"item_584","あんな","such","pronouns"
5.57831278101235,-2.03672758924795,0,1,"item_585","こう","like_this","pronouns"
7.90508945098259,-3.36142768086471,0,1,"item_588","この","this","pronouns"
6.96724118357865,-4.21886159417804,0,1,"item_590","こんな","such","pronouns"
5.96818712794561,-2.19210074254933,0,1,"item_591","そう","so","pronouns"
7.42898092168039,-4.38989887350447,0,1,"item_594","その","that","pronouns"
7.27649986416774,-5.48228881239713,0,1,"item_596","そんな","such","pronouns"
3.75987559586842,-2.20896253978539,0,1,"item_598","ぼくの","my","pronouns"
3.97141060566896,-2.5530325538288,0,1,"item_600","わたしの","my","pronouns"
6.35822100155716,-3.57620412173501,0,1,"item_601","いつ","when","question_words"
7.11084388014257,-4.20130467830317,0,1,"item_603","どう","how","question_words"
6.11814178108257,-2.84897250999746,0,1,"item_604","どうして","why","question_words"
4.85730804832978,-3.84950943035502,0,1,"item_608","なぜ","why","question_words"
7.66442740591879,-5.03193716204253,0,1,"item_611","あいだ","between","locations"
7.28966498408611,-5.8757205255541,0,1,"item_614","内 (うち)","inside","locations"
7.84839285481747,-6.31275587049995,0,1,"item_615","角 (かど)","horn","locations"
7.29900352731175,-6.57911575119672,0,1,"item_617","隅 (すみ)","corner","locations"
5.21752823302956,-3.79100751914283,0,1,"item_619","傍 (そば; 位置と場所についてのことば)","by_the_side","locations"
8.50073821356856,-3.51930873694673,0,1,"item_620","近く (ちかく)","near","locations"
6.71449321082715,-2.13472067808063,0,1,"item_621","次 (つぎ)","next","locations"
6.92982458798399,-3.23194295078801,0,1,"item_622","遠く (とおく)","far","locations"
7.13914721269577,-2.52744824132693,0,1,"item_624","隣り (となり)","next_to","locations"
7.6741818798684,-5.47993621157622,0,1,"item_626","端 (はし)","end","locations"
5.04879703716222,-2.22571096072429,0,1,"item_628","左 (ひだり)","left","locations"
5.14803635093479,-5.5094743041321,0,1,"item_629","縁 (ふち)","edge","locations"
10.4321083655157,-6.47711585249063,0,1,"item_631","周り (まわり)","around","locations"
4.74276279390006,-2.08567223081819,0,1,"item_633","右 (みぎ)","right","locations"
5.3811617408288,-5.96968788976545,0,1,"item_636","わき (位置と場所についてのことば)","side","locations"
3.1980174906619,0.712490594659219,0,1,"item_637","一 (いち; 数量をあらわすことば)","one","quantifiers"
7.61671476368699,-2.01482520422887,0,1,"item_638","一番 (いちばん)","first","quantifiers"
4.59788837216674,-0.361689204215893,0,1,"item_639","一回 (いっかい)","once","quantifiers"
7.56900644978705,-0.197850310763301,0,1,"item_642","同じ (おなじ)","same","quantifiers"
9.88938525458039,-0.742747658885613,0,1,"item_643","全部 (ぜんぶ)","all","quantifiers"
6.76334194957415,-1.49806716662299,0,1,"item_644","たくさん","lots","quantifiers"
8.79364991631684,-1.37972247474625,0,1,"item_645","ちょっと","a_little","quantifiers"
5.91182209402993,-0.334957329408695,0,1,"item_647","半分 (はんぶん)","half","quantifiers"
8.82297708575742,-4.94435242863001,0,1,"item_649","ほかの","other","quantifiers"
5.61730419533353,-5.20477926125384,0,1,"item_654","そして","and","connecting_words"
7.2590514070884,-3.98420339820143,0,1,"item_655","だから","so","connecting_words"
5.17072311793713,-4.0911024198489,0,1,"item_656","だけど","however","connecting_words"
5.25227950015167,-3.26073081142822,0,1,"item_657","だって","because","connecting_words"
5.09648359021842,-3.38631289918537,0,1,"item_658","でも","but","connecting_words"
3.82941797451842,-5.20080854864938,0,1,"item_659","もしも","if","connecting_words"
